tgl,beli,jual,tengah,spread,mata_uang,target_jual,target_beli,jual_lag_1,beli_lag_1,jual_lag_2,beli_lag_2,jual_lag_3,beli_lag_3,jual_lag_5,beli_lag_5,jual_lag_7,beli_lag_7,jual_lag_14,beli_lag_14,jual_ma_7,jual_ma_14,jual_std_7,jual_diff_1,spread_lag_1,day_of_week
2026-03-25,16897.09,17066.91,16982.0,169.82,USD  ,16989.53,16820.47,,,,,,,,,,,,,,,,,,2
2026-03-26,16820.47,16989.53,16905.0,169.06,USD  ,16987.51,16818.49,17066.91,16897.09,,,,,,,,,,,,,,,169.82,3
2026-03-27,16818.49,16987.51,16903.0,169.02,USD  ,17041.78,16872.22,16989.53,16820.47,17066.91,16897.09,,,,,,,,,,,,-77.38000000000102,169.06,4
2026-03-30,16872.22,17041.78,16957.0,169.56,USD  ,17077.97,16908.03,16987.51,16818.49,16989.53,16820.47,17066.91,16897.09,,,,,,,,,,-2.0200000000004366,169.02,0
2026-03-31,16908.03,17077.97,16993.0,169.94,USD  ,17083.99,16914.01,17041.78,16872.22,16987.51,16818.49,16989.53,16820.47,,,,,,,,,,54.27000000000044,169.56,1
2026-04-01,16914.01,17083.99,16999.0,169.98,USD  ,17087.01,16916.99,17077.97,16908.03,17041.78,16872.22,16987.51,16818.49,17066.91,16897.09,,,,,,,,36.19000000000233,169.94,2
2026-04-02,16916.99,17087.01,17002.0,170.02,USD  ,17100.08,16929.92,17083.99,16914.01,17077.97,16908.03,17041.78,16872.22,16989.53,16820.47,,,,,,,,6.020000000000437,169.98,3
2026-04-06,16929.92,17100.08,17015.0,170.16,USD  ,17122.19,16951.81,17087.01,16916.99,17083.99,16914.01,17077.97,16908.03,16987.51,16818.49,17066.91,16897.09,,,17047.814285714285,,43.18386498726176,3.0199999999967986,170.02,0
2026-04-07,16951.81,17122.19,17037.0,170.38,USD  ,17177.46,17006.54,17100.08,16929.92,17087.01,16916.99,17083.99,16914.01,17041.78,16872.22,16989.53,16820.47,,,17052.552857142855,,47.25631764264791,13.070000000003347,170.16,1
2026-04-08,17006.54,17177.46,17092.0,170.92,USD  ,17094.04,16923.96,17122.19,16951.81,17100.08,16929.92,17087.01,16916.99,17077.97,16908.03,16987.51,16818.49,,,17071.504285714287,,44.27623887110685,22.109999999996944,170.38,2
2026-04-09,16923.96,17094.04,17009.0,170.08,USD  ,17167.41,16996.59,17177.46,17006.54,17122.19,16951.81,17100.08,16929.92,17083.99,16914.01,17041.78,16872.22,,,17098.64,,42.38603622263405,55.27000000000044,170.92,3
2026-04-10,16996.59,17167.41,17082.0,170.82,USD  ,17197.56,17026.44,17094.04,16923.96,17177.46,17006.54,17122.19,16951.81,17087.01,16916.99,17077.97,16908.03,,,17106.105714285713,,34.586602828810236,-83.41999999999825,170.08,4
2026-04-13,17026.44,17197.56,17112.0,171.12,USD  ,17207.61,17036.39,17167.41,16996.59,17094.04,16923.96,17177.46,17006.54,17100.08,16929.92,17083.99,16914.01,,,17118.882857142857,,38.73243245407308,73.36999999999898,170.82,0
2026-04-14,17036.39,17207.61,17122.0,171.22,USD  ,17220.67,17049.33,17197.56,17026.44,17167.41,16996.59,17094.04,16923.96,17122.19,16951.81,17087.01,16916.99,,,17135.10714285714,,44.965166412190904,30.150000000001455,171.12,1
2026-04-15,17049.33,17220.67,17135.0,171.34,USD  ,17226.71,17055.29,17207.61,17036.39,17197.56,17026.44,17167.41,16996.59,17177.46,17006.54,17100.08,16929.92,17066.91,16897.09,17152.335714285717,17100.075,46.54166694376636,10.049999999999272,171.22,2
2026-04-16,17055.29,17226.71,17141.0,171.42,USD  ,17227.71,17056.29,17220.67,17049.33,17207.61,17036.39,17197.56,17026.44,17094.04,16923.96,17122.19,16951.81,16989.53,16820.47,17169.562857142857,17111.057857142856,46.2930058483552,13.059999999997672,171.34,3
2026-04-17,17056.29,17227.71,17142.0,171.42,USD  ,17274.94,17103.06,17226.71,17055.29,17220.67,17049.33,17207.61,17036.39,17167.41,16996.59,17177.46,17006.54,16987.51,16818.49,17184.494285714285,17127.999285714286,45.312304751628005,6.040000000000873,171.42,4
2026-04-20,17103.06,17274.94,17189.0,171.88,USD  ,17261.88,17090.12,17227.71,17056.29,17226.71,17055.29,17220.67,17049.33,17197.56,17026.44,17094.04,16923.96,17041.78,16872.22,17191.672857142858,17145.156428571427,47.91767826675105,1.0,171.42,0
2026-04-21,17090.12,17261.88,17176.0,171.76,USD  ,17227.71,17056.29,17274.94,17103.06,17227.71,17056.29,17226.71,17055.29,17207.61,17036.39,17167.41,16996.59,17077.97,16908.03,17217.515714285713,17161.81071428571,32.921352674285046,47.22999999999956,171.88,1
2026-04-22,17056.29,17227.71,17142.0,171.42,USD  ,17264.9,17093.1,17261.88,17090.12,17274.94,17103.06,17227.71,17056.29,17220.67,17049.33,17197.56,17026.44,17083.99,16914.01,17231.011428571426,17174.947142857145,27.94506481687066,-13.059999999997672,171.76,2
2026-04-23,17093.1,17264.9,17179.0,171.8,USD  ,17394.54,17221.46,17227.71,17056.29,17261.88,17090.12,17274.94,17103.06,17226.71,17055.29,17207.61,17036.39,17087.01,16916.99,17235.318571428572,17185.212857142855,23.970818668105245,-34.17000000000189,171.42,3
2026-04-24,17221.46,17394.54,17308.0,173.08,USD  ,17364.39,17191.61,17264.9,17093.1,17227.71,17056.29,17261.88,17090.12,17227.71,17056.29,17220.67,17049.33,17100.08,16929.92,17243.502857142856,17197.919285714284,22.678988597594586,37.19000000000233,171.8,4
2026-04-27,17191.61,17364.39,17278.0,172.78,USD  ,17313.13,17140.87,17394.54,17221.46,17264.9,17093.1,17227.71,17056.29,17274.94,17103.06,17226.71,17055.29,17122.19,16951.81,17268.341428571428,17218.952142857142,59.24274341739969,129.63999999999942,173.08,0
2026-04-28,17140.87,17313.13,17227.0,172.26,USD  ,17331.22,17158.78,17364.39,17191.61,17394.54,17221.46,17264.9,17093.1,17261.88,17090.12,17227.71,17056.29,17177.46,17006.54,17288.010000000002,17236.25214285714,65.62824493565611,-30.150000000001455,172.78,1
2026-04-29,17158.78,17331.22,17245.0,172.44,USD  ,17410.62,17237.38,17313.13,17140.87,17364.39,17191.61,17394.54,17221.46,17227.71,17056.29,17274.94,17103.06,17094.04,16923.96,17300.212857142855,17245.942857142858,60.270163352006605,-51.2599999999984,172.26,2
2026-04-30,17237.38,17410.62,17324.0,173.24,USD  ,17464.89,17291.11,17331.22,17158.78,17313.13,17140.87,17364.39,17191.61,17264.9,17093.1,17261.88,17090.12,17167.41,16996.59,17308.252857142856,17262.884285714284,60.090473375384036,18.090000000000146,172.44,3
2026-05-04,17291.11,17464.89,17378.0,173.78,USD  ,17454.84,17281.16,17410.62,17237.38,17331.22,17158.78,17313.13,17140.87,17394.54,17221.46,17227.71,17056.29,17197.56,17026.44,17329.50142857143,17280.25642857143,66.87459343892135,79.39999999999782,173.24,0
2026-05-05,17281.16,17454.84,17368.0,173.68,USD  ,17512.13,17337.88,17464.89,17291.11,17410.62,17237.38,17331.22,17158.78,17364.39,17191.61,17264.9,17093.1,17207.61,17036.39,17363.384285714284,17299.351428571426,66.79009628610639,54.27000000000044,173.78,1
2026-05-06,17337.88,17512.13,17425.0,174.25,USD  ,17492.03,17317.97,17454.84,17281.16,17464.89,17291.11,17410.62,17237.38,17313.13,17140.87,17394.54,17221.46,17220.67,17049.33,17390.518571428573,17317.010714285716,58.13290618019628,-10.049999999999272,173.68,2
2026-05-07,17317.97,17492.03,17405.0,174.06,USD  ,17448.81,17275.19,17512.13,17337.88,17454.84,17281.16,17464.89,17291.11,17331.22,17158.78,17364.39,17191.61,17226.71,17055.29,17407.317142857144,17337.829285714284,74.24557488820165,57.29000000000087,174.25,3
2026-05-08,17275.19,17448.81,17362.0,173.62,USD  ,17461.88,17288.13,17492.03,17317.97,17512.13,17337.88,17454.84,17281.16,17410.62,17237.38,17313.13,17140.87,17227.71,17056.29,17425.551428571427,17356.780714285713,77.54626219848339,-20.100000000002183,174.06,4
2026-05-11,17288.13,17461.88,17375.0,173.75,USD  ,17502.08,17327.92,17448.81,17275.19,17492.03,17317.97,17512.13,17337.88,17464.89,17291.11,17331.22,17158.78,17274.94,17103.06,17444.934285714287,17372.573571428573,59.656033742686965,-43.219999999997526,173.62,0
2026-05-12,17327.92,17502.08,17415.0,174.16,USD  ,17601.57,17426.43,17461.88,17288.13,17448.81,17275.19,17492.03,17317.97,17454.84,17281.16,17410.62,17237.38,17261.88,17090.12,17463.600000000002,17385.926428571427,32.327517690106845,13.069999999999709,173.75,1
2026-05-13,17426.43,17601.57,17514.0,175.14,USD  ,17583.48,17408.52,17502.08,17327.92,17461.88,17288.13,17448.81,17275.19,17512.13,17337.88,17464.89,17291.11,17227.71,17056.29,17476.665714285715,17403.08357142857,24.997500446562174,40.20000000000073,174.16,2
2026-05-18,17408.52,17583.48,17496.0,174.96,USD  ,17754.33,17577.67,17601.57,17426.43,17502.08,17327.92,17461.88,17288.13,17492.03,17317.97,17454.84,17281.16,17264.9,17093.1,17496.191428571427,17429.78785714286,52.5085527727694,99.48999999999796,175.14,0
2026-05-19,17577.67,17754.33,17666.0,176.66,USD  ,17807.6,17630.4,17583.48,17408.52,17601.57,17426.43,17502.08,17327.92,17448.81,17275.19,17512.13,17337.88,17394.54,17221.46,17514.568571428572,17452.54357142857,57.86220281229607,-18.090000000000146,174.96,1
2026-05-20,17630.4,17807.6,17719.0,177.2,USD  ,17773.42,17596.58,17754.33,17577.67,17583.48,17408.52,17601.57,17426.43,17461.88,17288.13,17492.03,17317.97,17364.39,17191.61,17549.16857142857,17478.242857142857,107.38380005518732,170.85000000000218,176.66,2
2026-05-21,17596.58,17773.42,17685.0,176.84,USD  ,17761.37,17584.63,17807.6,17630.4,17754.33,17577.67,17583.48,17408.52,17502.08,17327.92,17448.81,17275.19,17313.13,17140.87,17594.25,17509.90071428571,140.5248042162238,53.2699999999968,177.2,3
2026-05-22,17584.63,17761.37,17673.0,176.74,USD  ,17805.58,17628.42,17773.42,17596.58,17807.6,17630.4,17754.33,17577.67,17601.57,17426.43,17461.88,17288.13,17331.22,17158.78,17640.62285714286,17542.77857142857,138.06962358590104,-34.18000000000029,176.84,4
2026-05-25,17628.42,17805.58,17717.0,177.16,USD  ,17831.72,17654.28,17761.37,17584.63,17773.42,17596.58,17807.6,17630.4,17583.48,17408.52,17502.08,17327.92,17410.62,17237.38,17683.40714285714,17573.50357142857,118.46006608622976,-12.049999999999272,176.74,0
2026-05-26,17654.28,17831.72,17743.0,177.44,USD  ,17877.94,17700.06,17805.58,17628.42,17761.37,17584.63,17773.42,17596.58,17754.33,17577.67,17601.57,17426.43,17464.89,17291.11,17726.764285714286,17601.715,94.06071175177826,44.210000000002765,177.16,1
2026-05-29,17700.06,17877.94,17789.0,177.88,USD  ,17972.42,17793.58,17831.72,17654.28,17805.58,17628.42,17761.37,17584.63,17807.6,17630.4,17583.48,17408.52,17454.84,17281.16,17759.64285714286,17627.917142857146,82.52231470229084,26.139999999999418,177.44,4
2026-06-02,17793.58,17972.42,17883.0,178.84,USD  ,17952.31,17773.69,17877.94,17700.06,17831.72,17654.28,17805.58,17628.42,17773.42,17596.58,17754.33,17577.67,17512.13,17337.88,17801.70857142857,17658.13857142857,43.6535338123019,46.219999999997526,177.88,1
2026-06-03,17773.69,17952.31,17863.0,178.62,USD  ,18020.65,17841.35,17972.42,17793.58,17877.94,17700.06,17831.72,17654.28,17761.37,17584.63,17807.6,17630.4,17492.03,17317.97,17832.864285714288,17691.01642857143,72.49907950166569,94.47999999999956,178.84,2
2026-06-04,17841.35,18020.65,17931.0,179.3,USD  ,18129.19,17948.81,17952.31,17773.69,17972.42,17793.58,17877.94,17700.06,17805.58,17628.42,17773.42,17596.58,17448.81,17275.19,17853.53714285714,17723.893571428573,83.83925546640599,-20.109999999996944,178.62,3
2026-06-05,17948.81,18129.19,18039.0,180.38,USD  ,18129.19,17948.81,18020.65,17841.35,17952.31,17773.69,17972.42,17793.58,17831.72,17654.28,17761.37,17584.63,17461.88,17288.13,17888.855714285713,17764.739285714288,95.69941185081264,68.34000000000015,179.3,4
2026-06-08,17948.81,18129.19,18039.0,180.38,USD  ,18261.85,18080.15,18129.19,17948.81,18020.65,17841.35,17952.31,17773.69,17877.94,17700.06,17805.58,17628.42,17502.08,17327.92,17941.40142857143,17812.404285714285,113.38052558078351,108.53999999999724,180.38,0
2026-06-09,18080.15,18261.85,18171.0,181.7,USD  ,18231.71,18050.29,18129.19,17948.81,18129.19,17948.81,18020.65,17841.35,17972.42,17793.58,17831.72,17654.28,17601.57,17426.43,17987.63142857143,17857.197857142855,114.73698785037469,0.0,180.38,1
2026-06-10,18050.29,18231.71,18141.0,181.42,USD  ,18060.85,17881.15,18261.85,18080.15,18129.19,17948.81,18129.19,17948.81,17952.31,17773.69,17877.94,17700.06,17583.48,17408.52,18049.07857142857,17904.360714285714,131.30413174882804,132.65999999999985,181.7,2
2026-06-11,17881.15,18060.85,17971.0,179.7,USD  ,18070.9,17891.1,18231.71,18050.29,18261.85,18080.15,18129.19,17948.81,18020.65,17841.35,17972.42,17793.58,17754.33,17577.67,18099.617142857143,17950.662857142856,122.22346183871544,-30.139999999999418,181.42,3
2026-06-12,17891.1,18070.9,17981.0,179.8,USD  ,18010.6,17831.4,18060.85,17881.15,18231.71,18050.29,18261.85,18080.15,18129.19,17948.81,17952.31,17773.69,17807.6,17630.4,18112.25,17972.557142857142,110.93399118408654,-170.86000000000058,179.7,4
2026-06-15,17831.4,18010.6,17921.0,179.2,USD  ,17807.6,17630.4,18070.9,17891.1,18060.85,17881.15,18231.71,18050.29,18129.19,17948.81,18020.65,17841.35,17773.42,17596.58,18129.191428571427,17991.364285714288,89.40361410098289,10.05000000000291,179.8,0
2026-06-17,17630.4,17807.6,17719.0,177.2,USD  ,17841.76,17664.24,18010.6,17831.4,18070.9,17891.1,18060.85,17881.15,18261.85,18080.15,18129.19,17948.81,17761.37,17584.63,18127.755714285715,18008.305714285714,91.49343653291865,-60.30000000000291,179.2,2
2026-06-18,17664.24,17841.76,17753.0,177.52,USD  ,17915.13,17736.87,17807.6,17630.4,18010.6,17831.4,18070.9,17891.1,18231.71,18050.29,18129.19,17948.81,17805.58,17628.42,18081.814285714285,18011.60785714286,151.62981994076108,-203.0,177.2,3
2026-06-19,17736.87,17915.13,17826.0,178.26,USD  ,17915.13,17736.87,17841.76,17664.24,17807.6,17630.4,18010.6,17831.4,18060.85,17881.15,18261.85,18080.15,17831.72,17654.28,18040.752857142856,18014.19214285714,173.9391316634556,34.159999999999854,177.52,4
2026-06-22,17736.87,17915.13,17826.0,178.26,USD  ,17908.1,17729.9,17915.13,17736.87,17841.76,17664.24,17807.6,17630.4,18070.9,17891.1,18231.71,18050.29,17877.94,17700.06,17991.221428571425,18020.149999999998,147.9034301415755,73.37000000000262,178.26,0
2026-06-23,17729.9,17908.1,17819.0,178.2,USD  ,17957.34,17778.66,17915.13,17736.87,17915.13,17736.87,17841.76,17664.24,18010.6,17831.4,18060.85,17881.15,17972.42,17793.58,17945.995714285713,18022.806428571428,103.99530740339857,0.0,178.26,1
2026-06-24,17778.66,17957.34,17868.0,178.68,USD  ,18044.78,17865.22,17908.1,17729.9,17915.13,17736.87,17915.13,17736.87,17807.6,17630.4,18070.9,17891.1,17952.31,17773.69,17924.174285714285,18018.212142857144,91.10570671071932,-7.030000000002474,178.2,2
2026-06-25,17865.22,18044.78,17955.0,179.56,USD  ,18031.71,17852.29,17957.34,17778.66,17908.1,17729.9,17915.13,17736.87,17841.76,17664.24,18010.6,17831.4,18020.65,17841.35,17907.95142857143,18018.571428571428,67.73817299701089,49.2400000000016,178.68,3
2026-06-26,17852.29,18031.71,17942.0,179.42,USD  ,18051.81,17872.19,18044.78,17865.22,17957.34,17778.66,17908.1,17729.9,17915.13,17736.87,17807.6,17630.4,18129.19,17948.81,17912.834285714285,18020.295000000002,76.97314810108988,87.43999999999869,179.56,4
2026-06-29,17872.19,18051.81,17962.0,179.62,USD  ,17945.28,17766.72,18031.71,17852.29,18044.78,17865.22,17957.34,17778.66,17915.13,17736.87,17841.76,17664.24,18129.19,17948.81,17944.85,18013.332142857143,72.37786494057467,-13.069999999999709,179.42,0
2026-06-30,17766.72,17945.28,17856.0,178.56,USD  ,17988.49,17809.51,18051.81,17872.19,18031.71,17852.29,18044.78,17865.22,17908.1,17729.9,17915.13,17736.87,18261.85,18080.15,17974.85714285714,18007.805,65.75361224932116,20.100000000002183,179.62,1
2026-07-01,17809.51,17988.49,17899.0,178.98,USD  ,18050.81,17871.19,17945.28,17766.72,18051.81,17872.19,18031.71,17852.29,17957.34,17778.66,17915.13,17736.87,18231.71,18050.29,17979.164285714283,17985.192857142854,62.073666681314634,-106.53000000000247,178.56,2
2026-07-02,17871.19,18050.81,17961.0,179.62,USD  ,18083.97,17904.03,17988.49,17809.51,17945.28,17766.72,18051.81,17872.19,18044.78,17865.22,17908.1,17729.9,18060.85,17881.15,17989.644285714287,17967.82,55.282014814316675,43.210000000002765,178.98,3
2026-07-03,17904.03,18083.97,17994.0,179.94,USD  ,18049.8,17870.2,18050.81,17871.19,17988.49,17809.51,17945.28,17766.72,18031.71,17852.29,17957.34,17778.66,18070.9,17891.1,18010.03142857143,17967.102857142858,45.67809811765275,62.31999999999971,179.62,4
2026-07-06,17870.2,18049.8,17960.0,179.6,USD  ,18088.99,17909.01,18083.97,17904.03,18050.81,17871.19,17988.49,17809.51,18051.81,17872.19,18044.78,17865.22,18010.6,17831.4,18028.12142857143,17968.036428571428,46.401725696864666,33.159999999999854,179.94,0
2026-07-07,17909.01,18088.99,17999.0,179.98,USD  ,18077.94,17898.06,18049.8,17870.2,18083.97,17904.03,18050.81,17871.19,17945.28,17766.72,18031.71,17852.29,17807.6,17630.4,18028.838571428572,17970.836428571427,46.73965711948603,-34.17000000000189,179.6,1
2026-07-08,17898.06,18077.94,17988.0,179.88,USD  ,18095.03,17914.97,18088.99,17909.01,18049.8,17870.2,18083.97,17904.03,17988.49,17809.51,18051.81,17872.19,17841.76,17664.24,18037.02142857143,17990.93571428571,52.0397420021243,39.19000000000233,179.98,2
2026-07-09,17914.97,18095.03,18005.0,180.06,USD  ,18180.45,17999.55,18077.94,17898.06,18088.99,17909.01,18049.8,17870.2,18050.81,17871.19,17945.28,17766.72,17915.13,17736.87,18040.754285714287,18007.805714285714,54.170866357605874,-11.05000000000291,179.88,3
2026-07-10,17999.55,18180.45,18090.0,180.9,USD  ,18159.35,17978.65,18095.03,17914.97,18077.94,17898.06,18088.99,17909.01,18083.97,17904.03,17988.49,17809.51,17915.13,17736.87,18062.147142857142,18020.655714285713,37.04463556089681,17.090000000000146,180.06,4
2026-07-13,17978.65,18159.35,18069.0,180.7,USD  ,18221.65,18040.35,18180.45,17999.55,18095.03,17914.97,18077.94,17898.06,18049.8,17870.2,18050.81,17871.19,17908.1,17729.9,18089.57,18039.60714285714,43.85569100316621,85.42000000000189,180.9,0
2026-07-14,18040.35,18221.65,18131.0,181.3,USD  ,18189.49,18008.51,18159.35,17978.65,18180.45,17999.55,18095.03,17914.97,18088.99,17909.01,18083.97,17904.03,17957.34,17778.66,18105.075714285715,18057.553571428572,46.9465127771759,-21.100000000002183,180.7,1
2026-07-15,18008.51,18189.49,18099.0,180.98,USD  ,18154.32,17973.68,18221.65,18040.35,18159.35,17978.65,18180.45,17999.55,18077.94,17898.06,18049.8,17870.2,18044.78,17865.22,18124.744285714285,18076.432857142856,62.79595843103293,62.30000000000291,181.3,2
2026-07-16,17973.68,18154.32,18064.0,180.64,USD  ,18131.21,17950.79,18189.49,18008.51,18221.65,18040.35,18159.35,17978.65,18095.03,17914.97,18088.99,17909.01,18031.71,17852.29,18144.7,18086.769285714287,56.93233147080488,-32.159999999999854,180.98,3
2026-07-17,17950.79,18131.21,18041.0,180.42,USD  ,18033.72,17854.28,18154.32,17973.68,18189.49,18008.51,18221.65,18040.35,18180.45,17999.55,18077.94,17898.06,18051.81,17872.19,18154.032857142858,18095.527142857143,51.35978800428358,-35.17000000000189,180.64,4
2026-07-20,17854.28,18033.72,17944.0,179.44,USD  ,18065.88,17886.12,18131.21,17950.79,18154.32,17973.68,18189.49,18008.51,18159.35,17978.65,18095.03,17914.97,17945.28,17766.72,18161.64285714286,18101.198571428573,41.134620745125474,-23.110000000000582,180.42,0
2026-07-21,17886.12,18065.88,17976.0,179.76,USD  ,17998.54,17819.46,18033.72,17854.28,18131.21,17950.79,18154.32,17973.68,18221.65,18040.35,18180.45,17999.55,17988.49,17809.51,18152.884285714284,18107.515714285713,59.91986144237495,-97.48999999999796,179.44,1
2026-07-22,17819.46,17998.54,17909.0,179.08,USD  ,17998.54,17819.46,18065.88,17886.12,18033.72,17854.28,18131.21,17950.79,18189.49,18008.51,18159.35,17978.65,18050.81,17871.19,18136.51714285714,18113.04357142857,66.42920083701247,32.159999999999854,179.76,2
2026-07-23,17819.46,17998.54,17909.0,179.08,USD  ,18004.58,17825.42,17998.54,17819.46,18065.88,17886.12,18033.72,17854.28,18154.32,17973.68,18221.65,18040.35,18083.97,17904.03,18113.544285714284,18109.31,82.96497229918877,-67.34000000000015,179.08,3
2026-07-24,17825.42,18004.58,17915.0,179.16,USD  ,18062.87,17883.13,17998.54,17819.46,17998.54,17819.46,18065.88,17886.12,18131.21,17950.79,18189.49,18008.51,18049.8,17870.2,18081.67142857143,18103.207857142857,77.16552218651873,0.0,179.08,4
2026-07-27,17883.13,18062.87,17973.0,179.74,USD  ,18084.97,17905.03,18004.58,17825.42,17998.54,17819.46,17998.54,17819.46,18033.72,17854.28,18154.32,17973.68,18088.99,17909.01,18055.255714285715,18099.977857142858,64.75700885054313,6.040000000000873,179.16,0
2026-07-28,17905.03,18084.97,17995.0,179.94,USD  ,18178.44,17997.56,18062.87,17883.13,18004.58,17825.42,17998.54,17819.46,18065.88,17886.12,18131.21,17950.79,18077.94,17898.06,18042.19142857143,18098.112142857142,48.66610197029435,58.289999999997235,179.74,1
2026-07-29,17997.56,18178.44,18088.0,180.88,USD  ,18177.44,17996.56,18084.97,17905.03,18062.87,17883.13,18004.58,17825.42,17998.54,17819.46,18033.72,17854.28,18095.03,17914.97,18035.585714285717,18098.614285714288,36.079977761475845,22.100000000002183,179.94,2
2026-07-30,17996.56,18177.44,18087.0,180.88,USD  ,18168.39,17987.61,18178.44,17997.56,18084.97,17905.03,18062.87,17883.13,17998.54,17819.46,18065.88,17886.12,18180.45,17999.55,18056.260000000002,18104.572142857145,64.83629667630512,93.46999999999753,180.88,3
2026-07-31,17987.61,18168.39,18078.0,180.78,USD  ,18148.29,17967.71,18177.44,17996.56,18178.44,17997.56,18084.97,17905.03,18004.58,17825.42,17998.54,17819.46,18159.35,17978.65,18072.19714285714,18104.35714285714,79.62052974688496,-1.0,180.88,4
2026-08-03,17967.71,18148.29,18058.0,180.58,USD  ,18080.96,17901.04,18168.39,17987.61,18177.44,17996.56,18178.44,17997.56,18062.87,17883.13,17998.54,17819.46,18221.65,18040.35,18096.461428571427,18105.00285714286,79.31264578227777,-9.049999999999272,180.78,0
2026-08-04,17901.04,18080.96,17991.0,179.92,USD  ,18127.19,17946.81,18148.29,17967.71,18168.39,17987.61,18177.44,17996.56,18084.97,17905.03,18004.58,17825.42,18189.49,18008.51,18117.854285714286,18099.762857142858,67.86873233385867,-20.099999999998545,180.58,1
2026-08-05,17946.81,18127.19,18037.0,180.38,USD  ,18026.69,17847.31,18080.96,17901.04,18148.29,17967.71,18168.39,17987.61,18178.44,17997.56,18062.87,17883.13,18154.32,17973.68,18128.765714285713,18092.010714285716,50.55310503426484,-67.33000000000175,179.92,2
2026-08-06,17847.31,18026.69,17937.0,179.38,USD  ,18008.6,17829.4,18127.19,17946.81,18080.96,17901.04,18148.29,17967.71,18177.44,17996.56,18084.97,17905.03,18131.21,17950.79,18137.954285714284,18090.07285714286,41.63917900974669,46.22999999999956,180.38,3
2026-08-07,17829.4,18008.6,17919.0,179.2,USD  ,18002.56,17823.44,18026.69,17847.31,18127.19,17946.81,18080.96,17901.04,18168.39,17987.61,18178.44,17997.56,18033.72,17854.28,18129.62857142857,18082.60714285714,56.99431475436624,-100.5,179.38,4
2026-08-10,17823.44,18002.56,17913.0,179.12,USD  ,17883.97,17706.03,18008.6,17829.4,18026.69,17847.31,18127.19,17946.81,18148.29,17967.71,18177.44,17996.56,18065.88,17886.12,18105.365714285712,18080.812857142857,67.86588167312995,-18.090000000000146,179.2,0
2026-08-11,17706.03,17883.97,17795.0,177.94,USD  ,17913.12,17734.88,18002.56,17823.44,18008.6,17829.4,18026.69,17847.31,18080.96,17901.04,18168.39,17987.61,17998.54,17819.46,18080.382857142857,18076.29,69.08928708930517,-6.039999999997235,179.12,1
2026-08-12,17734.88,17913.12,17824.0,178.24,USD  ,17965.38,17786.62,17883.97,17706.03,18002.56,17823.44,18008.6,17829.4,18127.19,17946.81,18148.29,17967.71,17998.54,17819.46,18039.75142857143,18068.106428571427,89.36473939787318,-118.59000000000015,177.94,2
2026-08-13,17786.62,17965.38,17876.0,178.76,USD  ,17971.41,17792.59,17913.12,17734.88,17883.97,17706.03,18002.56,17823.44,18026.69,17847.31,18080.96,17901.04,18004.58,17825.42,18006.155714285713,18062.004999999997,85.89774247286294,29.149999999997817,178.24,3
2026-08-14,17792.59,17971.41,17882.0,178.82,USD  ,17925.18,17746.82,17965.38,17786.62,17913.12,17734.88,17883.97,17706.03,18008.6,17829.4,18127.19,17946.81,18062.87,17883.13,17989.644285714287,18059.204999999998,80.03032734699381,52.26000000000204,178.76,4
2026-08-18,17746.82,17925.18,17836.0,178.36,USD  ,17945.28,17766.72,17971.41,17792.59,17965.38,17786.62,17913.12,17734.88,18002.56,17823.44,18026.69,17847.31,18084.97,17905.03,17967.39,18052.672142857144,52.24304228023778,6.029999999998836,178.82,1
2026-08-19,17766.72,17945.28,17856.0,178.56,USD  ,17933.22,17754.78,17925.18,17746.82,17971.41,17792.59,17965.38,17786.62,17883.97,17706.03,18008.6,17829.4,18178.44,17997.56,17952.88857142857,18041.25857142857,46.8493452211075,-46.22999999999956,178.36,2
2026-08-20,17754.78,17933.22,17844.0,178.44,USD  ,17867.9,17690.1,17945.28,17766.72,17925.18,17746.82,17971.41,17792.59,17913.12,17734.88,18002.56,17823.44,18177.44,17996.56,17943.84285714286,18024.604285714286,39.896782123833226,20.099999999998545,178.56,3
2026-08-21,17690.1,17867.9,17779.0,177.8,USD  ,17793.53,17616.47,17933.22,17754.78,17945.28,17766.72,17925.18,17746.82,17965.38,17786.62,17883.97,17706.03,18168.39,17987.61,17933.937142857143,18007.16,30.355667628458633,-12.059999999997672,178.44,4
2026-08-24,17616.47,17793.53,17705.0,177.06,USD  ,17791.51,17614.49,17867.9,17690.1,17933.22,17754.78,17945.28,17766.72,17971.41,17792.59,17913.12,17734.88,18148.29,17967.71,17931.641428571427,17985.696428571428,35.014511481843634,-65.31999999999971,177.8,0
2026-08-26,17614.49,17791.51,17703.0,177.02,USD  ,17805.58,17628.42,17793.53,17616.47,17867.9,17690.1,17933.22,17754.78,17925.18,17746.82,17965.38,17786.62,18080.96,17901.04,17914.557142857142,17960.35642857143,63.30443605178957,-74.37000000000262,177.06,2
2026-08-27,17628.42,17805.58,17717.0,177.16,USD  ,17850.81,17673.19,17791.51,17614.49,17793.53,17616.47,17867.9,17690.1,17945.28,17766.72,17971.41,17792.59,18127.19,17946.81,17889.71857142857,17939.681428571428,73.3526458121543,-2.0200000000004366,177.02,3
2026-08-28,17673.19,17850.81,17762.0,177.62,USD  ,17791.51,17614.49,17805.58,17628.42,17791.51,17614.49,17793.53,17616.47,17933.22,17754.78,17925.18,17746.82,18026.69,17847.31,17866.028571428575,17916.709285714285,69.23505962281972,14.070000000003347,177.16,4
2026-08-31,17614.49,17791.51,17703.0,177.02,USD  ,17834.73,17657.27,17850.81,17673.19,17805.58,17628.42,17791.51,17614.49,17867.9,17690.1,17945.28,17766.72,18008.6,17829.4,17855.404285714285,17904.14642857143,64.1658608238099,45.22999999999956,177.62,0
2026-09-01,17657.27,17834.73,17746.0,177.46,USD  ,17815.63,17638.37,17791.51,17614.49,17850.81,17673.19,17805.58,17628.42,17793.53,17616.47,17933.22,17754.78,18002.56,17823.44,17833.437142857143,17888.640000000003,53.74398314072827,-59.30000000000291,177.02,1
2026-09-02,17638.37,17815.63,17727.0,177.26,USD  ,17858.85,17681.15,17834.73,17657.27,17791.51,17614.49,17850.81,17673.19,17791.51,17614.49,17867.9,17690.1,17883.97,17706.03,17819.367142857143,17876.652142857143,31.59586719541235,43.220000000001164,177.46,2
2026-09-03,17681.15,17858.85,17770.0,177.7,USD  ,17777.44,17600.56,17815.63,17638.37,17834.73,17657.27,17791.51,17614.49,17805.58,17628.42,17793.53,17616.47,17913.12,17734.88,17811.9,17871.770714285714,23.302408316599685,-19.099999999998545,177.26,3
2026-09-04,17600.56,17777.44,17689.0,176.88,USD  ,17724.18,17547.82,17858.85,17681.15,17815.63,17638.37,17834.73,17657.27,17850.81,17673.19,17791.51,17614.49,17965.38,17786.62,17821.231428571427,17867.894285714287,27.43273617972484,43.219999999997526,177.7,4
2026-09-07,17547.82,17724.18,17636.0,176.36,USD  ,17741.26,17564.74,17777.44,17600.56,17858.85,17681.15,17815.63,17638.37,17791.51,17614.49,17805.58,17628.42,17971.41,17792.59,17819.221428571425,17854.47,30.335280026831143,-81.40999999999985,176.88,0
2026-09-08,17564.74,17741.26,17653.0,176.52,USD  ,17706.09,17529.91,17724.18,17547.82,17777.44,17600.56,17858.85,17681.15,17834.73,17657.27,17850.81,17673.19,17925.18,17746.82,17807.59285714286,17836.810714285715,47.29621926922578,-53.2599999999984,176.36,1
2026-09-09,17529.91,17706.09,17618.0,176.18,USD  ,17639.76,17464.24,17741.26,17564.74,17724.18,17547.82,17777.44,17600.56,17815.63,17638.37,17791.51,17614.49,17945.28,17766.72,17791.942857142854,17823.67357142857,48.71595074677041,17.07999999999811,176.52,2
2026-09-10,17464.24,17639.76,17552.0,175.52,USD  ,17623.68,17448.32,17706.09,17529.91,17741.26,17564.74,17724.18,17547.82,17858.85,17681.15,17834.73,17657.27,17933.22,17754.78,17779.739999999998,17806.588571428572,58.54858495316686,-35.169999999998254,176.18,3
2026-09-11,17448.32,17623.68,17536.0,175.36,USD  ,17699.06,17522.94,17639.76,17464.24,17706.09,17529.91,17741.26,17564.74,17777.44,17600.56,17815.63,17638.37,17867.9,17690.1,17751.88714285714,17785.62714285714,72.69531110848585,-66.33000000000175,175.52,4
2026-09-14,17522.94,17699.06,17611.0,176.12,USD  ,17723.17,17546.83,17623.68,17448.32,17639.76,17464.24,17706.09,17529.91,17724.18,17547.82,17858.85,17681.15,17793.53,17616.47,17724.465714285714,17768.182857142856,80.4342650569589,-16.07999999999811,175.36,0
2026-09-15,17546.83,17723.17,17635.0,176.34,USD  ,17775.44,17598.56,17699.06,17522.94,17623.68,17448.32,17639.76,17464.24,17741.26,17564.74,17777.44,17600.56,17791.51,17614.49,17701.63857142857,17761.435,54.40096642186404,75.38000000000102,176.12,1
2026-09-16,17598.56,17775.44,17687.0,176.88,USD  ,17800.56,17623.44,17723.17,17546.83,17699.06,17522.94,17623.68,17448.32,17706.09,17529.91,17724.18,17547.82,17805.58,17628.42,17693.885714285712,17756.553571428572,44.821477685570066,24.109999999996944,176.34,2
2026-09-17,17623.44,17800.56,17712.0,177.12,USD  ,17841.76,17664.24,17775.44,17598.56,17723.17,17546.83,17699.06,17522.94,17639.76,17464.24,17741.26,17564.74,17850.81,17673.19,17701.20857142857,17754.40071428571,53.869869880722774,52.27000000000044,176.88,3
2026-09-18,17664.24,17841.76,17753.0,177.52,USD  ,17833.72,17656.28,17800.56,17623.44,17775.44,17598.56,17723.17,17546.83,17623.68,17448.32,17706.09,17529.91,17791.51,17614.49,17709.68,17750.81142857143,64.77655311412803,25.12000000000262,177.12,4
2026-09-21,17656.28,17833.72,17745.0,177.44,USD  ,,,17841.76,17664.24,17800.56,17623.44,17775.44,17598.56,17699.06,17522.94,17639.76,17464.24,17834.73,17657.27,17729.06142857143,17754.40071428571,81.62798834326078,41.19999999999709,177.52,0
