tgl,beli,jual,tengah,spread,mata_uang
2026-03-25,16897.09,17066.91,16982.0,169.82,USD  
2026-03-26,16820.47,16989.53,16905.0,169.06,USD  
2026-03-27,16818.49,16987.51,16903.0,169.02,USD  
2026-03-30,16872.22,17041.78,16957.0,169.56,USD  
2026-03-31,16908.03,17077.97,16993.0,169.94,USD  
2026-04-01,16914.01,17083.99,16999.0,169.98,USD  
2026-04-02,16916.99,17087.01,17002.0,170.02,USD  
2026-04-06,16929.92,17100.08,17015.0,170.16,USD  
2026-04-07,16951.81,17122.19,17037.0,170.38,USD  
2026-04-08,17006.54,17177.46,17092.0,170.92,USD  
2026-04-09,16923.96,17094.04,17009.0,170.08,USD  
2026-04-10,16996.59,17167.41,17082.0,170.82,USD  
2026-04-13,17026.44,17197.56,17112.0,171.12,USD  
2026-04-14,17036.39,17207.61,17122.0,171.22,USD  
2026-04-15,17049.33,17220.67,17135.0,171.34,USD  
2026-04-16,17055.29,17226.71,17141.0,171.42,USD  
2026-04-17,17056.29,17227.71,17142.0,171.42,USD  
2026-04-20,17103.06,17274.94,17189.0,171.88,USD  
2026-04-21,17090.12,17261.88,17176.0,171.76,USD  
2026-04-22,17056.29,17227.71,17142.0,171.42,USD  
2026-04-23,17093.1,17264.9,17179.0,171.8,USD  
2026-04-24,17221.46,17394.54,17308.0,173.08,USD  
2026-04-27,17191.61,17364.39,17278.0,172.78,USD  
2026-04-28,17140.87,17313.13,17227.0,172.26,USD  
2026-04-29,17158.78,17331.22,17245.0,172.44,USD  
2026-04-30,17237.38,17410.62,17324.0,173.24,USD  
2026-05-04,17291.11,17464.89,17378.0,173.78,USD  
2026-05-05,17281.16,17454.84,17368.0,173.68,USD  
2026-05-06,17337.88,17512.13,17425.0,174.25,USD  
2026-05-07,17317.97,17492.03,17405.0,174.06,USD  
2026-05-08,17275.19,17448.81,17362.0,173.62,USD  
2026-05-11,17288.13,17461.88,17375.0,173.75,USD  
2026-05-12,17327.92,17502.08,17415.0,174.16,USD  
2026-05-13,17426.43,17601.57,17514.0,175.14,USD  
2026-05-18,17408.52,17583.48,17496.0,174.96,USD  
2026-05-19,17577.67,17754.33,17666.0,176.66,USD  
2026-05-20,17630.4,17807.6,17719.0,177.2,USD  
2026-05-21,17596.58,17773.42,17685.0,176.84,USD  
2026-05-22,17584.63,17761.37,17673.0,176.74,USD  
2026-05-25,17628.42,17805.58,17717.0,177.16,USD  
2026-05-26,17654.28,17831.72,17743.0,177.44,USD  
2026-05-29,17700.06,17877.94,17789.0,177.88,USD  
2026-06-02,17793.58,17972.42,17883.0,178.84,USD  
2026-06-03,17773.69,17952.31,17863.0,178.62,USD  
2026-06-04,17841.35,18020.65,17931.0,179.3,USD  
2026-06-05,17948.81,18129.19,18039.0,180.38,USD  
2026-06-08,17948.81,18129.19,18039.0,180.38,USD  
2026-06-09,18080.15,18261.85,18171.0,181.7,USD  
2026-06-10,18050.29,18231.71,18141.0,181.42,USD  
2026-06-11,17881.15,18060.85,17971.0,179.7,USD  
2026-06-12,17891.1,18070.9,17981.0,179.8,USD  
2026-06-15,17831.4,18010.6,17921.0,179.2,USD  
2026-06-17,17630.4,17807.6,17719.0,177.2,USD  
2026-06-18,17664.24,17841.76,17753.0,177.52,USD  
2026-06-19,17736.87,17915.13,17826.0,178.26,USD  
2026-06-22,17736.87,17915.13,17826.0,178.26,USD  
2026-06-23,17729.9,17908.1,17819.0,178.2,USD  
2026-06-24,17778.66,17957.34,17868.0,178.68,USD  
2026-06-25,17865.22,18044.78,17955.0,179.56,USD  
2026-06-26,17852.29,18031.71,17942.0,179.42,USD  
2026-06-29,17872.19,18051.81,17962.0,179.62,USD  
2026-06-30,17766.72,17945.28,17856.0,178.56,USD  
2026-07-01,17809.51,17988.49,17899.0,178.98,USD  
2026-07-02,17871.19,18050.81,17961.0,179.62,USD  
2026-07-03,17904.03,18083.97,17994.0,179.94,USD  
2026-07-06,17870.2,18049.8,17960.0,179.6,USD  
2026-07-07,17909.01,18088.99,17999.0,179.98,USD  
2026-07-08,17898.06,18077.94,17988.0,179.88,USD  
2026-07-09,17914.97,18095.03,18005.0,180.06,USD  
2026-07-10,17999.55,18180.45,18090.0,180.9,USD  
2026-07-13,17978.65,18159.35,18069.0,180.7,USD  
2026-07-14,18040.35,18221.65,18131.0,181.3,USD  
2026-07-15,18008.51,18189.49,18099.0,180.98,USD  
2026-07-16,17973.68,18154.32,18064.0,180.64,USD  
2026-07-17,17950.79,18131.21,18041.0,180.42,USD  
2026-07-20,17854.28,18033.72,17944.0,179.44,USD  
2026-07-21,17886.12,18065.88,17976.0,179.76,USD  
2026-07-22,17819.46,17998.54,17909.0,179.08,USD  
2026-07-23,17819.46,17998.54,17909.0,179.08,USD  
2026-07-24,17825.42,18004.58,17915.0,179.16,USD  
2026-07-27,17883.13,18062.87,17973.0,179.74,USD  
2026-07-28,17905.03,18084.97,17995.0,179.94,USD  
2026-07-29,17997.56,18178.44,18088.0,180.88,USD  
2026-07-30,17996.56,18177.44,18087.0,180.88,USD  
2026-07-31,17987.61,18168.39,18078.0,180.78,USD  
2026-08-03,17967.71,18148.29,18058.0,180.58,USD  
2026-08-04,17901.04,18080.96,17991.0,179.92,USD  
2026-08-05,17946.81,18127.19,18037.0,180.38,USD  
2026-08-06,17847.31,18026.69,17937.0,179.38,USD  
2026-08-07,17829.4,18008.6,17919.0,179.2,USD  
2026-08-10,17823.44,18002.56,17913.0,179.12,USD  
2026-08-11,17706.03,17883.97,17795.0,177.94,USD  
2026-08-12,17734.88,17913.12,17824.0,178.24,USD  
2026-08-13,17786.62,17965.38,17876.0,178.76,USD  
2026-08-14,17792.59,17971.41,17882.0,178.82,USD  
2026-08-18,17746.82,17925.18,17836.0,178.36,USD  
2026-08-19,17766.72,17945.28,17856.0,178.56,USD  
2026-08-20,17754.78,17933.22,17844.0,178.44,USD  
2026-08-21,17690.1,17867.9,17779.0,177.8,USD  
2026-08-24,17616.47,17793.53,17705.0,177.06,USD  
2026-08-26,17614.49,17791.51,17703.0,177.02,USD  
2026-08-27,17628.42,17805.58,17717.0,177.16,USD  
2026-08-28,17673.19,17850.81,17762.0,177.62,USD  
2026-08-31,17614.49,17791.51,17703.0,177.02,USD  
2026-09-01,17657.27,17834.73,17746.0,177.46,USD  
2026-09-02,17638.37,17815.63,17727.0,177.26,USD  
2026-09-03,17681.15,17858.85,17770.0,177.7,USD  
2026-09-04,17600.56,17777.44,17689.0,176.88,USD  
2026-09-07,17547.82,17724.18,17636.0,176.36,USD  
2026-09-08,17564.74,17741.26,17653.0,176.52,USD  
2026-09-09,17529.91,17706.09,17618.0,176.18,USD  
2026-09-10,17464.24,17639.76,17552.0,175.52,USD  
2026-09-11,17448.32,17623.68,17536.0,175.36,USD  
2026-09-14,17522.94,17699.06,17611.0,176.12,USD  
2026-09-15,17546.83,17723.17,17635.0,176.34,USD  
2026-09-16,17598.56,17775.44,17687.0,176.88,USD  
2026-09-17,17623.44,17800.56,17712.0,177.12,USD  
2026-09-18,17664.24,17841.76,17753.0,177.52,USD  
2026-09-21,17656.28,17833.72,17745.0,177.44,USD  
